index,TW_min,TW_max
OP_grass,16.054532442851723,32.871713078829366
MP_grass,7.943108037768431,36.954289482133795
MF_grass,20.896430690208255,36.95914915683126
OP_forest,26.430945930388454,52.71099263871346
MP_forest,15.170052604516775,64.05524712654199
MF_forest,36.58440883390278,61.896158781725504
