index,TW_min,TW_max
OP_grass,21.93946220356031,30.66362940328362
MP_grass,16.531293546989225,31.337530149292572
MF_grass,25.6546069366054,35.99111814833428
OP_forest,36.33924632461755,50.67988259963768
MP_forest,31.878152003631406,55.882879934903464
MF_forest,41.64696593835066,60.64765790225101
