index,TW_min,TW_max,HG_min,HG_max
OP_grass,21.93946220356031,30.66362940328362,18.88634972796752,22.28175275167001
MP_grass,16.531293546989225,31.337530149292572,11.525084178847855,19.206454452755796
MF_grass,25.6546069366054,35.99111814833428,16.244492599665374,24.568181952036042
OP_forest,36.33924632461755,50.67988259963768,31.059803263953206,36.73734712027557
MP_forest,31.878152003631406,55.882879934903464,18.11252655948669,34.19454255091493
MF_forest,41.64696593835066,60.64765790225101,25.100270103128114,42.79222859693486
