index,TW_min,TW_max,HG_min,HG_max
OP_grass,106.40570020067108,109.55446050449768,89.65408641097126,97.45464851504826
MP_grass,137.82829358013163,142.4444016001459,104.87388799465555,112.96487317751766
MF_grass,150.67349780473216,155.76925064784342,116.71726287261842,125.1591522261919
OP_forest,201.46347499444354,206.62374068298527,168.7046209036695,179.36370585083688
MP_forest,246.63517501715722,255.23398964987888,191.24064606961014,206.1359122563578
MF_forest,271.45733279134936,283.0874722761091,213.67804379030324,231.88461024975362
