index,TW_min,TW_max,HG_min,HG_max
OP_grass,35.97629548199513,40.774794815680586,0.0,0.0
MP_grass,60.941848806274365,76.31518135280308,0.0,0.0
MF_grass,72.96401068401738,78.23976385401909,0.0,0.0
OP_forest,54.86238925227138,60.94968236658473,0.0,0.0
MP_forest,114.67700907334299,137.9861723707699,0.0,0.0
MF_forest,126.84533745134917,134.06720449927326,0.0,0.0
