index,TW_min,TW_max,HG_min,HG_max
OP_grass,14.593877575743953,28.74110437400401,17.529675134650095,77.12132596058885
MP_grass,6.870633614939782,19.764500563652113,12.038993479813465,33.809665549335264
MF_grass,24.988845650237508,36.44252237956929,23.140424265972044,28.52746402170546
OP_forest,22.43099615396651,48.75229273923901,28.682272570337357,136.59392432173712
MP_forest,14.638836193969176,34.823832063931164,19.04907213704795,51.27597887314428
MF_forest,47.63030153762655,62.25855640959797,37.003513701432375,45.02537405542004
