index,TW_min,TW_max,HG_min,HG_max
OP_grass,32.20969603971267,46.16727332533892,0.0,0.0
MP_grass,21.827595887458923,45.24572192511826,12.914037590302069,29.05024141965735
MF_grass,46.92901083732054,56.496844441962324,32.54477246715655,40.499845978617934
OP_forest,57.43849795985001,78.04301440027712,0.0,0.0
MP_forest,40.12755158405355,81.74511988915732,20.672925148165216,50.02540580700841
MF_forest,86.69126168860471,96.60128127461789,60.79764710224873,68.47527442284483
