Catchment,AI_hg,AI_tw,EI_hg,EI_tw,w_hg,w_tw
Defreggental,0.7250038516380964,0.5400195588158735,0.31129912939491655,0.3389745475468864,1.4179718887836508,1.6689052653871779
Gailtal,0.0,0.3520382697228491,0.0,0.27297414678279064,NaN,1.8241643257229865
Feistritz,0.7648878843654304,0.6164620884119554,0.546851357355582,0.5452455673376757,2.224728763103485,3.0255748021495905
Paltental,0.4002707220019481,0.34763467484154836,0.2605079074089631,0.2854175904738925,1.5953171654163272,1.962401446491349
Pitztal,0.6124783751416826,0.429736844199784,0.449151340704089,0.4199669472583769,2.056330648348416,3.863371269589289
Silbertal,0.4046112501555228,0.3147500179461733,0.28618626331036756,0.2909303580826881,1.715813191337315,2.4448182066799133
