PE_method,T2,T20
Thorntwaite,-29.65020407220682,-55.73346416577567
Hargreaves,-22.321633166345638,-39.09686043436594
