PE_method,T2,T20
Thorntwaite,-31.418256732741476,-54.54928023666014
Hargreaves,-22.883899184966058,-39.646209587832075
