n,TW_Grass,TW_Forest,HG_Grass,HG_Forest
1.0,-39.83084087807996,-70.0339606630861,-28.15055553567442,-49.53454482717601
2.0,-31.418256732741476,-54.54928023666014,-22.883899184966058,-39.646209587832075
