PE_method,T2,T20
Thorntwaite,-22.979184668621855,-38.04990062101687
Hargreaves,-18.113542696074315,-29.788788609959013
