Catchment,AI_tw,EI,w_tw
Defreggental,0.4734075626908225,0.3216815615474884,1.7233232871324324
Gailtal,0.38557472550245453,0.29414467311801706,1.8343927626868126
Feistritz,0.6748043311629064,0.583053571377296,3.0255748021495905
Paltental,0.45699336252760925,0.3364043318392471,1.851284388418266
Pitztal,0.455876813962466,0.44364645550860593,3.863371269589289
Silbertal,0.3384664122658001,0.31010934974671733,2.4448182066799133
