n,TW_Grass,TW_Forest,HG_Grass,HG_Forest
1.0,-34.13408373142745,-63.81383900415706,-22.08765210187394,-40.95964155768075
2.0,-35.53362610873059,-66.27436960522246,-23.600478864154738,-43.707347577773646
