n,TW_Grass,TW_Forest,HG_Grass,HG_Forest
1.0,-38.84704484609863,-70.95686572088923,-24.812275896774246,-44.98255257794649
2.0,-40.26224797720499,-73.44748213461726,-26.34405754421197,-47.68993791063667
