n,TW_Grass,TW_Forest,HG_Grass,HG_Forest
1.0,-54.03760001592278,-94.3799398240179,-37.55304354747719,-66.11254406262991
2.0,-54.723196789223266,-94.39967967021903,-38.53568121937823,-66.72484419104967
