field_1,field_2
12.594250000000001,46.710231999999998
12.633490000000000,46.710490999999998
12.555400000000001,46.682991000000001
12.594630000000000,46.683239000000000
12.633850000000001,46.683498000000000
