field_1,field_2
13.143840000000001,46.658507999999998
13.183050000000000,46.658569000000000
13.143940000000001,46.631518999999997
13.183120000000001,46.631568999999999
