Catchment,RC_pro_hg,RC_pro_tw
Defreggental,0.6832119609093665,0.6572176207787841
Gailtal,0.0,0.7362575712053507
Feistritz,0.4328926353943703,0.4386851024300793
