Catchment,AI_tw,EI,w_tw
Defreggental,0.5465081132542534,0.3416505444234934,1.6689052653871779
