Catchment,AI_hg,AI_tw,EI_hg,EI_tw,w_hg,w_tw
Defreggental,0.7207489909103472,0.5313108699772128,0.3102604375357121,0.3353475089619029,1.4179718887836508,1.6689052653871779
Gailtal,0.0,0.33310703172452605,0.0,0.2614171893863433,NaN,1.8241643257229865
Feistritz,0.8081328754877876,0.6535328801282392,0.5651001167561973,0.56961251431764,2.224728763103485,3.0255748021495905
Paltental,0.3980581474889229,0.343053810958937,0.2594804695624773,0.2823913987569331,1.5953171654163272,1.962401446491349
Pitztal,0.6256499647077893,0.4280194272981819,0.4555790168113387,0.41839747985595555,2.056330648348416,3.863371269589289
Silbertal,0.40002511534491575,0.3104729298700518,0.28380765343119085,0.2874241548288734,1.715813191337315,2.4448182066799133
