Catchment,AI_hg,EI,w_hg
Defreggental,0.7450556083227813,0.3161296979564614,1.4179718887836508
Gailtal,0.0,0.0,NaN
Feistritz,0.8583330385174074,0.5849948440723205,2.224728763103485
Paltental,0.42535483009048924,0.2719377687234714,1.5953171654163272
Pitztal,0.6591454914090755,0.47143580891041137,2.056330648348416
Silbertal,0.4682462317330695,0.31771116008914135,1.715813191337315
