Catchment,AI_hg,AI_tw,EI_hg,EI_tw,w_hg,w_tw
Defreggental,0.7305260214118467,0.5344315030849978,0.3126399951029981,0.33665190572095227,1.4179718887836508,1.6689052653871779
Gailtal,0.0,0.34428715544557587,0.0,0.26827786066711146,NaN,1.8241643257229865
Feistritz,0.8012840118997457,0.6275058917531412,0.562280267686111,0.5526300997252829,2.224728763103485,3.0255748021495905
Paltental,0.4000005991201228,0.34237836388928894,0.26038264247139953,0.2819436925500285,1.5953171654163272,1.962401446491349
Pitztal,0.6389187220997512,0.4391447861688367,0.461943433293057,0.4285350553362466,2.056330648348416,3.863371269589289
Silbertal,0.40625797668064023,0.3162435241099313,0.2870367170039301,0.29215128584208516,1.715813191337315,2.4448182066799133
