Catchment,P_observed_mean,Epot_observed_tw,Epot_observed_hg,w_specific_hg,w_specific_tw
Defreggental,2.462975986613059,1.0436253183954718,1.0436253183954718,1.4179718887836508,1.6689052653871779
Gailtal,3.5217558706825485,1.2903290282349924,0.0,NaN,1.8241643257229865
Feistritz,2.29644316152839,1.58636407985225,1.58636407985225,2.224728763103485,3.0255748021495905
Paltental,3.2698971744085292,1.383309958112203,1.383309958112203,1.5953171654163272,1.962401446491349
Pitztal,2.5057199584570053,1.0223943048375252,1.0223943048375252,2.056330648348416,3.863371269589289
Silbertal,3.925926556362338,1.291262818012057,1.291262818012057,1.715813191337315,2.4448182066799133
