Catchment,EI,AI_hg,w_specific_hg
Defreggental,0.286935318759709,0.6301892872989341,1.4179718887836508
Gailtal,0.28154048306620405,0.0,0.0
Feistritz,0.5928970307055175,0.879251101774716,2.224728763103485
Paltental,0.3327658503097408,0.5752246185706178,1.5953171654163272
Pitztal,0.4199286248833687,0.5552898793997864,2.056330648348416
Silbertal,0.3024322537118507,0.4367231332549257,1.715813191337315
