n,TW_Grass,TW_Forest,HG_Grass,HG_Forest
1.0,-75.9856947962541,-141.3809540688025,-45.30921170959897,-70.59861965752579
2.0,-72.83783662194946,-133.32420846756725,-40.58951819651628,-71.52977752657527
