n,TW_Grass,TW_Forest,HG_Grass,HG_Forest
1.0,0.0,0.0,-0.35510771741393327,-0.3551077174139335
2.0,0.0,0.0,-0.32876715344086865,-0.32876715344086876
