n,TW_Grass,TW_Forest,HG_Grass,HG_Forest
1.0,-72.29878055313075,-130.68601270803154,-42.06955442453088,-62.95770797983795
2.0,-68.47040607487237,-122.31397275857995,-38.036434899229434,-65.06099345625034
