n,TW_Grass,TW_Forest,HG_Grass,HG_Forest
1.0,0.0,0.0,-0.2102096104532091,-0.21020961045320938
2.0,0.0,0.0,-0.1944675277907592,-0.19446752779075943
