n,TW_Grass,TW_Forest,HG_Grass,HG_Forest
1.0,0.0,0.0,-0.17209820353430302,-0.17209820353430308
2.0,0.0,0.0,-0.1543072961433251,-0.15430729614332522
