n,TW_Grass,TW_Forest,HG_Grass,HG_Forest
1.0,-97.67518095735015,-189.4337281109013,-57.01398143828352,-106.89067809123682
2.0,-82.05485318369797,-154.5324309204637,-53.69535614032821,-103.10935865399048
