n,TW_Grass,TW_Forest,HG_Grass,HG_Forest
1.0,-77.98780099638199,-131.81636240899593,-45.609221512895395,-78.15329128730778
