n,TW_Grass,TW_Forest,HG_Grass,HG_Forest
1.0,-77.98780099638199,-131.81636240899593,-45.609221512895395,-78.15329128730778
2.0,-65.4027217421581,-107.98450709430148,-42.80194745554953,-72.64896981419972
