n,TW_Grass,TW_Forest,HG_Grass,HG_Forest
1.0,-44.279945961026954,-78.61101742237912,-31.56596624380054,-57.502937949894466
2.0,-29.930588584810604,-51.65280041006062,-21.801650597078908,-37.247465837676145
