n,TW_Grass,TW_Forest,HG_Grass,HG_Forest
1.0,-38.39022563523993,-67.75288304141056,-27.464110515269454,-48.48559684641023
2.0,-36.5880746345147,-64.37442676165617,-26.20970681754994,-45.23879376529556
