PE_method,T2,T20
Thorntwaite,-31.852356609868746,-60.400073502664014
Hargreaves,-23.55251685074367,-41.86517624902023
